barcode;price;due_data;stock
7599028000848;53.03;NO;5
7592616576046;64.59;NO;61
7592616203010;50.36;NO;142
7598008000014;47.22;NO;103
7703038067269;54.84;NO;537
7703038060987;31.24;NO;345
7703038050018;301.09;NO;367
7598650000080;16.34;NO;16
7590027002079;78.04;NO;154
7703712035447;51.94;NO;31
6942189530197;60.29;NO;84
8906005118349;27.24;NO;25
7598008000090;305.45;NO;6
7598650000097;53.39;NO;35
08904324100922;101.7;NO;19
8906005118370;39.95;NO;50
730170648978;272.04;NO;6
7591096001499;12.35;NO;29
203571228037;10.9;NO;256
7593255000091;16.71;NO;54
759325500237;18.89;NO;97
7593255000107;28.69;NO;58
7703038050049;281.84;NO;27
7703038050056;234.99;NO;34
7598650000936;19.25;NO;88
7593255000305;30.15;NO;170
7593255000329;59.2;NO;28
7593255000312;33.78;NO;72
7596139004277;72.64;NO;3
7593255000244;23.61;NO;246
7593255000299;27.24;NO;123
7593255000251;44.31;NO;9
7593255000275;158.36;NO;1
7591012045003;48.31;NO;5
7599028000381;78.09;NO;10
7702123006787;700.61;NO;73
7592616005010;84.3;NO;16
7707236124632;261.5;NO;6
7800061020107;27.6;NO;166
7598008000113;113.68;NO;45
7703038050063;726.4;NO;94
7598008000120;126.03;NO;23
7592616014029;50.75;NO;20
8904179732842;47.22;NO;51
8904159414515;10.17;NO;10
7590027002710;156.59;NO;462
7590027000167;109.84;NO;459
7703712030039;56.0;NO;144
7750215007204;229.29;NO;38
791466996319;250.97;NO;14
791466994964;252.79;NO;188
7592349911244;156.8;NO;27
8906009231020;227.73;NO;52
7703712030091;67.21;NO;219
7592349001723;144.9;NO;18
7592349001068;211.58;NO;67
7592349722925;123.48;NO;90
BRIXFLU-2;246.98;NO;61
BRIXFLU-4;246.98;NO;48
8904187862395;48.31;NO;5
7593090000034;85.29;NO;8
7750215023792;181.6;NO;10
7591243802115;296.59;NO;77
7596526000493;155.66;NO;1440
8906122851464;23.24;NO;26
7598008000175;62.83;NO;7
8904179733900;31.24;NO;19
791466993417;31.96;NO;38
791466993400;22.52;NO;7
7590027002581;117.25;NO;798
7590027002567;140.23;NO;724
7592349722161;194.25;NO;4
7703712030152;66.28;NO;84
7750215017562;158.0;NO;85
7770108671039;79.9;NO;207
7703038131663;1034.76;NO;23
7598176000052;63.2;NO;427
7590027002451;102.31;NO;443
8906154610008;129.66;NO;32
7591012041221;60.29;NO;8
7598008002063;290.56;NO;234
7592616021010;114.95;NO;75
7593090002397;281.52;NO;12
7593090000577;292.78;NO;15
7591243804041;119.49;NO;82
7596526001346;166.71;NO;37
438101012408;207.39;NO;6
7591243804140;113.31;NO;90
7591243804164;129.16;NO;65
8904187831728;54.84;NO;13
7591243804331;119.04;NO;90
7591243804287;87.75;NO;15
7591243804409;139.02;NO;1280
731946648444;47.94;NO;1016
7750215023396;76.54;NO;30
7598650000172;232.45;NO;23
7899095203266;122.04;NO;217
769503302270;72.64;NO;37
8904324100410;71.19;NO;67
7598455000285;98.43;NO;9
8904210707167;161.62;NO;274
8904210707112;100.24;NO;16
7598455000193;409.69;NO;56
7598455000209;404.6;NO;2
8904210707051;55.21;NO;17
8904210707044;54.12;NO;3
7598455000278;240.44;NO;1
7598455000162;388.99;NO;6
7598455000155;256.06;NO;23
S/C000195;93.34;NO;589
7592349723618;95.55;NO;22
7592349723557;109.76;NO;20
7592349001563;142.8;NO;29
7592349001570;142.8;NO;18
S/C000201;33.05;NO;6
8906082150997;25.79;NO;7
8906130230886;165.98;NO;1
8906130230893;191.77;NO;6
8904324102001;66.47;NO;33
7467922681626;106.42;NO;6
7591243805338;177.95;NO;333
7591243805420;274.7;NO;55
7597072001187;51.94;NO;8
7591243807202;139.18;NO;229
7501384506056;106.42;NO;58
7591651896805;161.7;NO;8
7896112114413;135.84;NO;388
7709990706628;271.31;NO;48
7598455000346;1348.56;NO;3
7800061065306;67.56;NO;104
7598852000796;270.58;NO;21
7703153011468;96.61;NO;50
7467922682760;479.42;NO;1
8906112611412;108.96;NO;47
8906112611429;142.01;NO;11
7598176000694;160.53;NO;92
724373531090;173.58;NO;74
781100195765;236.78;NO;77
7598008000236;17.43;NO;51
7598127001510;50.48;NO;38
7592616576145;60.38;NO;43
7595368012732;463.37;NO;3
7591243807813;187.71;NO;178
7598008001233;98.43;NO;22
7705959003609;211.75;NO;646
8906082151192;41.4;NO;20
7591651930967;120.18;NO;71
7590027002376;83.9;NO;178
7598008000267;31.24;NO;229
7592616576626;104.08;NO;66
7598008000274;30.51;NO;15
7592616576657;174.51;NO;65
8906112610460;34.5;NO;49
7502226296562;163.44;NO;34
7598650000202;119.49;NO;36
S/C000271;40.32;NO;13
7707236120900;57.75;NO;219
7707236123307;94.8;NO;70
6930169708087;224.46;NO;49
7709526459875;53.39;NO;3
7707236121969;95.16;NO;30
7598650000226;23.24;NO;91
7702184876732;488.14;NO;50
7750215003299;71.63;NO;80
7896523208022;186.68;NO;23
8904187829183;29.01;NO;44
7468999187684;59.2;NO;65
730170649234;106.42;NO;182
7595368000104;308.32;NO;10
7840036103503;1120.14;NO;12
7598176000045;156.18;NO;3
7750215020647;381.0;NO;26
7750215962480;1236.13;NO;18
8904178930348;72.64;NO;269
7598431000070;262.67;NO;25
7800061095105;18.52;NO;1
731946648536;26.51;NO;104
7590027002024;95.05;NO;138
7800061105101;10.53;NO;281
7703712030695;47.22;NO;116
7898216362431;100.97;NO;7
7597773000038;85.79;NO;53
7750215136249;72.2;NO;12
7707184161093;79.54;NO;26
7770108122203;91.16;NO;31
7592616584102;98.89;NO;45
7598650000257;77.72;NO;143
8904097387148;305.09;NO;29
7596526001384;165.98;NO;18
7596526000028;165.98;NO;58
8906005118363;60.65;NO;21
8906005118233;40.32;NO;9
7591243810028;155.66;NO;13
7702184010082;277.48;NO;10
7898108640609;28.69;NO;907
7596139000200;85.35;NO;7
7796285053468;528.21;NO;7
S/C000373;191.41;NO;44
8906130232002;764.9;NO;2
7707193642439;146.73;NO;157
7592616576558;55.98;NO;135
7590027002253;61.06;NO;62
7592616579016;82.24;NO;36
8904209413635;47.94;NO;228
7750215026502;464.47;NO;20
7598650000370;145.28;NO;38
7591096000218;12.35;NO;124
8906130231814;75.55;NO;18
7591243811704;240.8;NO;39
7598252000556;97.34;NO;9
7896116865618;181.24;NO;1086
731946648567;21.79;NO;201
8906130230978;112.96;NO;24
8906130230961;97.7;NO;7
229687658735;385.36;NO;62
8908020229031;72.64;NO;1172
18906051722719;92.62;NO;19
7590027000495;75.0;NO;49
6942189211461;16.96;NO;150
8906045360456;17.07;NO;258
6942189304156;5.45;NO;678
7707236128739;91.53;NO;90
7703712030237;73.47;NO;108
7592616165028;32.26;NO;366
8906130230985;176.52;NO;7
7592349001037;214.2;NO;78
7703038050216;530.64;NO;129
228598745626;99.15;NO;27
7707236128814;96.97;NO;58
7598252000396;381.72;NO;19
7598252000501;133.29;NO;12
8906130231999;1452.8;NO;2
8906130232187;2021.93;NO;2
8906130231180;632.69;NO;13
7598176000212;65.38;NO;58
8904278581549;213.92;NO;10
7590027001843;77.68;NO;93
736372795601;49.4;NO;16
8906130231982;1707.04;NO;1
791466993431;53.39;NO;68
791466993424;39.95;NO;79
7591651932299;378.0;NO;20
ERBRIX50;49.76;NO;250
ERBRIX100;50.48;NO;216
7800061170109;120.22;NO;208
7598008000366;122.4;NO;20
8906130230213;96.97;NO;16
8904271594652;155.81;NO;38
8906130232149;6731.19;NO;1
8906130231975;1281.73;NO;2
7598677000315;98.79;NO;17
7501384506872;80.99;NO;17
7703038065920;88.98;NO;359
7598176000465;87.17;NO;3
7591651001452;126.21;NO;41
7501298224954;285.84;NO;1398
7596526000554;134.75;NO;134
7468191031921;357.75;NO;5
7468191031938;507.75;NO;16
7592616197012;38.99;NO;23
7591243817607;92.68;NO;36
7800061191166;38.5;NO;102
7592616576992;80.36;NO;28
7598176000274;148.91;NO;19
7800061210201;15.98;NO;68
7896714203768;311.99;NO;639
7592349722536;166.36;NO;24
8904210707204;24.33;NO;36
7598008000397;41.04;NO;77
7590027000563;68.05;NO;78
7703038066996;865.51;NO;14
7468999187714;63.2;NO;46
7703712032705;75.27;NO;144
7703712031661;42.56;NO;144
8904187874138;72.64;NO;6
8904187829589;65.38;NO;14
7592349723595;421.12;NO;15
7796285255022;126.03;NO;13
7596139000040;119.13;NO;35
8906112611344;36.68;NO;37
7703712033504;179.06;NO;15
GABABRIX-B;337.78;NO;14
7590027002093;163.07;NO;198
7590027002109;166.75;NO;258
8906112610569;41.4;NO;53
7593255000381;55.1;NO;151
8906130231951;2644.1;NO;4
8906130231944;641.05;NO;2
7707236122393;261.5;NO;4
7707236127428;160.53;NO;11
8904250520771;246.98;NO;6
7598650000318;43.22;NO;138
8906130231029;87.17;NO;18
7592349923957;175.38;NO;55
8906130231036;196.49;NO;9
7598008000427;9.81;NO;46
7591651001681;563.96;NO;6
7591651001469;59.54;NO;16
7596526000097;165.98;NO;56
7898100242900;98.43;NO;83
18904030979338;112.59;NO;10
7592349844757;130.07;NO;5
7592349722963;217.83;NO;17
8906130231067;108.96;NO;14
7590027002536;74.41;NO;68
8906130231050;108.96;NO;14
7703712031326;142.01;NO;17
7703712034679;86.91;NO;121
8906112611856;38.5;NO;605
7590027002413;120.77;NO;475
8906102520083;92.25;NO;9
7592616220017;52.84;NO;90
8906130230114;261.87;NO;122
7703038066606;830.28;NO;452
7592616221014;83.85;NO;11
8906082150775;103.88;NO;63
8906130231937;769.26;NO;2
8906130232118;2190.46;NO;1
8906112611450;82.45;NO;74
8906130231074;985.72;NO;2
7590027002796;206.81;NO;369
7750215008744;457.63;NO;3
7590027002802;382.45;NO;281
7592349722949;406.88;NO;15
7707019334203;259.32;NO;14
7598455000414;349.04;NO;5
8904159499789;36.32;NO;71
228598745633;350.12;NO;23
7709990751901;334.14;NO;60
7590027001942;86.99;NO;220
7800061000390;26.88;NO;148
788070698777;223.06;NO;19
788070698784;350.16;NO;21
7596526000141;165.98;NO;5
7707288824641;658.84;NO;12
7707288824610;411.87;NO;10
7750215007846;373.01;NO;3
7593090001123;369.61;NO;7
8904179736048;187.41;NO;10
8906109691236;31.24;NO;4
7468999187707;51.21;NO;85
8906130230237;617.44;NO;54
8906130230244;874.95;NO;36
7590027002314;122.96;NO;380
7896112403166;45.04;NO;465
7598008002056;30.15;NO;157
7598008000496;22.16;NO;61
7591012010208;94.43;NO;32
7908020502586;93.34;NO;2740
7592349001167;347.2;NO;1
7592349001150;336.0;NO;5
7591243831474;144.67;NO;68
7591243831641;161.16;NO;5
7592349723571;93.09;NO;32
8904324101400;49.76;NO;20
7592616361017;33.24;NO;562
7703038050339;582.57;NO;96
7598650000462;23.24;NO;40
7592616583051;100.41;NO;30
7592349723755;65.81;NO;11
7592616576374;60.39;NO;286
7592349001174;200.31;NO;30
7703038067719;1063.45;NO;23
7592616366043;75.34;NO;126
7703038050346;410.78;NO;33
7896714208565;44.67;NO;6495
7590027002499;65.76;NO;53
7592349001051;124.43;NO;29
7451108300135;304.72;NO;36
7596526000714;202.3;NO;625
7599028000695;57.39;NO;70
7598506000080;248.07;NO;39
7598506000042;198.67;NO;12
7598506000066;93.34;NO;89
7598506000097;90.8;NO;1
7596526000516;165.98;NO;9
8906122851471;38.86;NO;185
7598176000472;50.48;NO;2
7750215010310;304.67;NO;28
7592616375014;85.59;NO;125
7707236121822;475.79;NO;39
7591012038004;66.47;NO;25
7593090001628;53.29;NO;16
7707236125035;203.76;NO;58
7598650000486;23.24;NO;65
8906078135717;58.48;NO;7
8906082150744;36.32;NO;46
8906130230275;154.72;NO;12
7598650000844;217.92;NO;60
8904187835108;19.98;NO;11
7598008000557;15.98;NO;98
7703712033061;49.4;NO;12
6942189304316;84.63;NO;48
7703712035799;241.89;NO;69
7703712031456;151.09;NO;14
7592616382012;118.47;NO;24
7596139004185;88.26;NO;4
7702098400900;68.64;NO;135
7702098031333;137.65;NO;75
7592349527124;309.13;NO;9
7590027002154;86.09;NO;219
8906130231111;431.84;NO;11
7591243834062;37.78;NO;48
7591243834086;91.57;NO;45
793869810537;181.6;NO;32
8906142160171;165.26;NO;13
7592616136585;84.31;NO;42
7592616583075;89.21;NO;26
7706309000262;84.02;NO;3
7703038050452;1373.99;NO;9
8904324102711;93.34;NO;19
7896523202600;56.3;NO;1663
7591096002328;42.49;NO;66
791466994940;337.78;NO;5
7896714231143;65.01;NO;998
7598455000261;349.4;NO;20
7707236121594;389.35;NO;16
7598852001496;96.25;NO;27
7598852001502;99.15;NO;18
8906130231159;209.57;NO;44
8904269002336;518.29;NO;24
7598650000523;89.71;NO;47
731946648680;96.25;NO;1089
731946648505;23.61;NO;20
7592349722451;91.65;NO;7
7592349551860;119.03;NO;7
7703712031388;102.79;NO;22
7703038066729;1502.2;NO;20
8902382730013;272.97;NO;22
7501384506865;265.5;NO;2
7703689087821;25.79;NO;2631
791466993516;48.67;NO;27
7598127001640;161.26;NO;24
7590027000174;156.46;NO;338
8906130230084;126.39;NO;10
8904159415178;78.09;NO;68
7598677000070;103.51;NO;11
7800061001953;37.05;NO;235
7591651722302;158.11;NO;33
7598852001649;242.25;NO;13
7598852001403;204.84;NO;19
8906130231913;2200.63;NO;1
8906130231906;2769.4;NO;1
7703712033641;686.08;NO;2
8904210707181;82.81;NO;15
8906069872591;108.28;NO;20
8906130231173;231.36;NO;6
7501033959967;142.74;NO;173
8906130231890;3991.93;NO;1
652931974297;17.07;NO;155
6921875010779;30.51;NO;4
7596347805420;6.9;NO;14
7596347805536;18.52;NO;25
8906130231296;977.37;NO;7
7410000703956;188.5;NO;28
7410000705080;188.5;NO;74
7593090000348;224.93;NO;6
7707236121549;224.09;NO;16
7598852000642;42.23;NO;1120
7750215021415;234.63;NO;7
7703153003586;586.2;NO;14
7596526000479;233.9;NO;31
8906112610392;15.62;NO;93
7598650000554;31.6;NO;64
7750215003770;164.75;NO;26
S/C000858;87.89;NO;23
S/C000860;155.81;NO;31
7592349001549;158.55;NO;17
7596526000370;165.98;NO;65
8904179736055;278.57;NO;9
8906005118325;222.28;NO;13
7592349723489;152.78;NO;12
7591243843101;134.66;NO;7
7502245840425;267.68;NO;81
8906130231210;232.81;NO;9
7598852001076;269.13;NO;3
7598852001069;180.15;NO;4
7707236127305;92.25;NO;80
7501384549954;83.17;NO;10
7707019420753;726.4;NO;11
7591243845105;124.84;NO;9
8908020242535;54.48;NO;10
8904210707372;170.34;NO;12
8906130231449;295.28;NO;10
7596139000033;134.02;NO;14
8901117247888;107.87;NO;1361
8470007971832;165.62;NO;2
8906130231807;11.62;NO;526
7592616471013;77.01;NO;14
8904324102650;46.85;NO;2
7703712030787;15.68;NO;342
7593090000010;186.8;NO;18
7593090000713;164.28;NO;13
791466994957;334.14;NO;10
788070698715;562.12;NO;12
7598650000776;44.31;NO;28
793869810544;181.24;NO;6
7598852000710;90.44;NO;5
7597767000013;90.8;NO;105
7597767000020;90.8;NO;65
7597767000341;90.8;NO;106
7597767000037;90.8;NO;27
7592616480015;131.85;NO;3
7800061425407;71.91;NO;180
7702184010617;341.77;NO;16
7702184011775;388.26;NO;26
7590027001454;276.63;NO;432
7598252000563;282.21;NO;129
8906130231241;22.52;NO;242
7591243849622;155.66;NO;17
8906130231258;315.98;NO;12
8906112610521;22.88;NO;12
7590027002918;135.99;NO;282
7592616576909;82.58;NO;26
8904178903960;28.33;NO;25
8906130232088;4494.6;NO;1
8904187868632;81.36;NO;16
7592616584126;137.99;NO;62
7467922681657;335.96;NO;11
7467922681466;187.05;NO;5
7599028000152;48.31;NO;2
731946648611;88.98;NO;235
8906082151468;29.06;NO;114
8906122851488;58.48;NO;165
7759050000043;742.02;NO;2
7896714257600;817.2;NO;258
8904324101998;80.27;NO;2
7703712035928;1695.05;NO;3
8906130230329;430.76;NO;10
7770108671077;156.54;NO;20
7750215015209;195.04;NO;38
7770108671121;245.89;NO;24
7770108670575;245.89;NO;31
7598852000086;174.34;NO;30
7598852000307;317.44;NO;17
7592349949872;36.75;NO;30
7502226296722;97.7;NO;1
7707816989682;337.41;NO;206
7707816985783;41.04;NO;6591
7707816989873;311.99;NO;518
7593090000669;234.06;NO;25
6921875006017;232.81;NO;25
8904278576835;259.32;NO;71
7703153024796;415.14;NO;77
7598852001250;58.11;NO;69
7591243856705;119.04;NO;1264
7591243856729;123.61;NO;635
7594003280048;178.36;NO;9
7591651001476;119.83;NO;7
7592349926194;45.15;NO;60
7592349001129;154.56;NO;16
730170649142;62.76;NO;55
7592349001020;141.75;NO;52
7592349923872;129.85;NO;58
7592616013039;105.58;NO;113
7598176000342;54.84;NO;44
7592349001044;69.3;NO;36
7592349723229;137.2;NO;16
7703038050025;930.94;NO;8
7592349429787;111.11;NO;7
7592349001075;180.55;NO;20
7598176000441;54.68;NO;204
793869810438;150.36;NO;33
7592782000741;165.92;NO;82
89060698725911;30.15;NO;40
7598176000038;62.11;NO;30
8906005117588;21.79;NO;58
5060560910732;103.51;NO;14
8906009238555;204.48;NO;49
730170649173;96.25;NO;103
730170648947;52.19;NO;55
7598677000025;74.09;NO;14
7598852001373;180.15;NO;12
7592782000055;75.53;NO;87
7596526000684;165.98;NO;17
7598176000236;84.99;NO;62
7750215005873;224.09;NO;8
5062045250821;99.52;NO;14
7592616204017;69.01;NO;344
8904210707143;63.56;NO;1
7598455000247;688.99;NO;61
8904210806204;142.74;NO;31
8904210707150;73.37;NO;65
8904210707013;129.66;NO;18
8904210707105;60.65;NO;48
8904210707099;97.7;NO;37
7598455000308;158.36;NO;57
7596526000103;166.71;NO;10
7750215021927;142.53;NO;23
791466994827;58.48;NO;22
7598176000205;77.72;NO;67
730170649333;130.03;NO;40
7598176000311;98.79;NO;20
791466995978;288.38;NO;18
8904210707389;99.88;NO;32
7598431000179;135.79;NO;17
6942189304200;20.88;NO;39
7750215796597;111.39;NO;29
7468999187691;59.2;NO;274
7707236120146;77.36;NO;15
7598176000076;112.59;NO;31
6942189211300;10.9;NO;7
7598677000209;252.79;NO;26
7592782000963;106.52;NO;19
8904210808147;152.91;NO;5
7598650000622;31.24;NO;50
7598176000489;77.72;NO;54
7598176000618;371.92;NO;2
7596347802542;75.91;NO;8
7598176000502;111.14;NO;16
6942189530265;25.65;NO;60
730170648930;38.71;NO;62
7702195713507;114.41;NO;2
7750215000632;171.07;NO;7
8904210707082;43.95;NO;10
7598176000151;74.82;NO;4
791466994834;65.01;NO;42
7592616200026;69.0;NO;6
7598176000281;138.02;NO;7
793869810308;221.19;NO;114
7592782000338;142.01;NO;23
7750215025475;872.04;NO;2
6942189304293;46.13;NO;107
7598455000100;239.35;NO;11
7598455000353;100.24;NO;6
196852522460;168.16;NO;35
7800061001601;51.94;NO;33
7750215026212;107.51;NO;54
7598176000267;83.9;NO;34
7592616011028;91.33;NO;27
8904210707396;114.04;NO;42
8904210806426;97.7;NO;48
7598677000476;392.26;NO;38
7596347807172;51.94;NO;27
8904210707488;153.27;NO;31
7598176000854;165.62;NO;24
7598852001465;181.6;NO;5
7750215029381;108.6;NO;54
5060560911470;129.3;NO;65
7703038067214;125.67;NO;124
8904210707426;128.57;NO;11
7598677000414;74.82;NO;28
7598650000288;25.79;NO;3
7750215007433;153.65;NO;80
7592616192024;65.68;NO;33
7750215029633;57.07;NO;189
7592616367026;69.0;NO;9
7750215002834;97.7;NO;22
7598176000120;73.37;NO;7
7598176000090;80.99;NO;6
7592616576398;169.04;NO;112
7598176000021;54.12;NO;127
8906081306876;180.87;NO;72
08906051293069;50.85;NO;318
7598852000963;181.6;NO;35
7598176000700;144.92;NO;2
7750215026632;268.54;NO;68
7896523206691;112.96;NO;91
7800061080101;22.88;NO;166
7598677000230;148.91;NO;9
7598852000994;98.43;NO;22
7592616083018;72.71;NO;157
7598677000056;77.72;NO;2
8904210707440;51.94;NO;21
7597767000358;90.8;NO;78
7592616110028;133.53;NO;51
7592782001755;148.53;NO;2
8904278582768;57.02;NO;6
7592616576596;35.68;NO;78
7894164009633;105.69;NO;38
7598176000304;264.41;NO;10
PREGABA MABINE;181.6;NO;15
6034387234820;33.78;NO;19629
7598677000063;93.34;NO;7
IPRATROPIO MABINE;378.82;NO;9
7598650000561;129.3;NO;19
7598852001441;91.53;NO;2
7598677000018;97.34;NO;53
7592616584157;144.35;NO;30
6942189304132;25.65;NO;82
8904187830677;47.22;NO;26
8904187829503;57.75;NO;42
8906045946193;78.51;NO;69
8904187866065;158.72;NO;34
7592782000116;150.22;NO;41
MOXIFLO- 400MG;116.22;NO;12
8904250515456;233.54;NO;9
7592616030012;80.01;NO;60
8906069872492;83.17;NO;14
7592616583068;100.56;NO;44
8906005118240;35.96;NO;26
6942189304217;71.76;NO;68
7598431000155;144.71;NO;3
7703038066620;1313.33;NO;49
7750215003817;91.89;NO;7
7592616584027;93.0;NO;30
7750215008751;96.61;NO;58
8906005118226;159.08;NO;7
8904187861770;331.6;NO;19
7703038050544;357.39;NO;87
7598176000410;298.91;NO;24
TADALALJ;18.16;NO;41
TADASIVA120;100.97;NO;91
TAMS0.4MGT-9810;48.31;NO;148
7598176000069;133.29;NO;51
8906078136172;23.24;NO;28
8904324102742;37.41;NO;22
8904324101554;50.85;NO;10
8906045361545;145.28;NO;6
8904324101226;95.52;NO;10
8906045361088;117.31;NO;90
8906078136141;26.88;NO;38
8906078135670;9.44;NO;2465
DONE10ZUZU;398.43;NO;10
DONE5ZUZU;317.44;NO;12
8904324102766;362.84;NO;9
8906159251992;67.56;NO;176
8906159250308;101.33;NO;94
8906159250117;46.85;NO;275
8906159250100;25.79;NO;156
DICPOTZUZUAMP;83.17;NO;96
8904324102674;181.6;NO;26
8906045361712;88.26;NO;24
8904324102599;103.88;NO;26
7598008000083;134.75;NO;11
7598008000137;53.03;NO;10
8906159250209;46.85;NO;4
7598008000168;10.53;NO;50
7598008000182;17.07;NO;144
7598008000199;22.88;NO;296
7598008000021;57.02;NO;176
7598008001950;18.52;NO;85
VITA-MIX X 100TAB;310.9;NO;11
7598008001936;30.87;NO;44
7598008001745;132.93;NO;43
7598008000342;103.88;NO;10
8906130230220;149.28;NO;23
7598008000939;48.31;NO;5
8906130231012;119.49;NO;11
8906130231821;706.79;NO;9
8906130231340;200.85;NO;11
8906130231098;240.08;NO;5
8906130231128;388.26;NO;13
8906130231135;135.11;NO;57
8906130231142;215.74;NO;3
8906130231166;787.05;NO;10
7598008002421;21.79;NO;150
7598008001318;25.79;NO;98
8906130230817;126.39;NO;15
8906130230855;391.17;NO;33
8906130230039;344.68;NO;3
8906130230923;1400.5;NO;10
8906130230473;122.04;NO;71
8906130230930;507.39;NO;16
8906130231081;2843.49;NO;5
8906130230954;235.72;NO;23
8906130230558;82.45;NO;50
7597767000334;90.8;NO;76
7597767000327;90.8;NO;42
8906130230596;60.65;NO;5
8906130230916;95.88;NO;20
8906130231784;510.66;NO;4
8906130230541;39.23;NO;42
8906130230350;181.6;NO;8
8906130232163;453.64;NO;3
LANCETAS50PZAS;226.27;NO;1
TENSIOMDIG;746.74;NO;4
TIRASGLUCOMETRO;225.55;NO;1
8904278577498;293.1;NO;4
8904151800989;384.63;NO;24
8904151838524;299.28;NO;4
736372795625;117.31;NO;18
7796285255169;163.44;NO;12
736372795694;76.64;NO;18
6921875010229;543.71;NO;9
736372795717;27.97;NO;236
8904278590688;152.91;NO;4
6921875009940;43.22;NO;77
736372795618;15.98;NO;24
7708908625549;674.46;NO;68
7702184011430;415.14;NO;156
7502268544928;78.45;NO;3
8906112610477;34.5;NO;49
8906112610514;105.69;NO;247
8906109691237;86.8;NO;64
8904187876484;154.0;NO;22
8904187887596;86.08;NO;6
8906109692295;147.1;NO;60
8904187855700;562.23;NO;2
8906112610699;479.06;NO;78
8904159414300;67.19;NO;21
7707264579145;249.16;NO;210
7703712035034;122.4;NO;38
7703712030077;70.1;NO;45
7703712030992;130.75;NO;98
7703712030718;455.09;NO;25
7703712032439;389.77;NO;96
7703712032538;66.47;NO;40
7592348203104;146.32;NO;29
7592348203005;96.87;NO;76
7592348204002;103.75;NO;276
8699525093516;66.2;NO;40
8699525093523;91.08;NO;33
7592348511315;99.23;NO;30
7592348413824;173.61;NO;29
7592348413848;342.24;NO;39
7592348218108;265.35;NO;16
7501075725414;79.49;NO;14
7501075725421;78.16;NO;28
7592348218009;93.14;NO;52
7592348218023;104.63;NO;81
7592348227025;111.01;NO;7
7592348227506;149.34;NO;24
736372544148;201.94;NO;21
736372544155;232.81;NO;21
MACROGOTERO;272.04;NO;19
736372544193;830.28;NO;7
736372544247;778.38;NO;12
736372544254;872.77;NO;6
736372544285;570.59;NO;2
736372544292;753.28;NO;1
736372544322;465.99;NO;3
736372544353;243.34;NO;346
7598008001707;34.87;NO;79
7598008000694;91.89;NO;40
7598008000311;18.89;NO;60
7707184161420;132.2;NO;184
3582910023623;735.12;NO;47
791466994926;91.89;NO;1
791466996029;59.56;NO;30
7596347807189;25.79;NO;82
7703153021900;112.23;NO;47
7591243848731;171.43;NO;25
7591243842203;87.9;NO;124
7591243851106;119.71;NO;24
7591241846647;91.57;NO;12
7591243801750;141.93;NO;85
7591243803167;132.77;NO;16
7591243807370;91.57;NO;56
7591243803600;125.0;NO;35
7591243807820;151.08;NO;165
7591243807868;227.07;NO;51
7591243811483;81.56;NO;2004
7591243839753;155.66;NO;6
7591243837452;131.61;NO;53
7591243834574;218.7;NO;17
7591243832181;192.29;NO;114
7591243831993;105.3;NO;1301
7591243831511;131.86;NO;130
7591243826777;78.78;NO;48
7591243814347;185.36;NO;24
7591243811728;168.57;NO;41
7591243818345;114.27;NO;11
7591243820355;91.57;NO;18
7591243826425;164.82;NO;45
7591243826708;73.25;NO;7
7591243826494;143.01;NO;17
7591243817782;91.57;NO;12
7591243817829;108.96;NO;6
7591241817968;424.41;NO;14
7591243815801;146.51;NO;35
7590027001126;158.06;NO;104
7590027002642;78.29;NO;128
7590027000686;83.78;NO;134
7590027000891;95.6;NO;175
7590027000921;197.56;NO;111
7590027002819;92.93;NO;165
7590027000662;60.39;NO;242
7590027002673;99.61;NO;318
7590027002666;205.01;NO;166
7590027002727;99.6;NO;78
7707236121044;60.29;NO;50
7590027001669;62.2;NO;193
7590027000679;84.33;NO;35
7592710003738;156.77;NO;17
7592710003721;206.72;NO;1
7592710003783;180.88;NO;2
7592710003943;168.72;NO;17
7592710004094;173.4;NO;11
7592710003790;160.73;NO;10
7592710004162;156.77;NO;4
7592710004148;206.72;NO;5
7592710000454;247.61;NO;3
7592710003998;198.01;NO;12
7592710003851;192.97;NO;18
7592710002854;110.37;NO;27
7592710001253;124.17;NO;11
7501298224930;233.9;NO;1636
7896523208770;45.04;NO;45
7707236125868;447.83;NO;14
7707236123048;335.96;NO;25
7898633381961;86.44;NO;1374
8906130231005;34.87;NO;32
89061302314491;481.6;NO;2
7598008000403;197.58;NO;10
7598008001523;11.99;NO;71
7598008002018;31.24;NO;76
7598008000540;15.62;NO;133
7598008001301;19.25;NO;2
RECOLECTOR;288.02;NO;14
736372544360;103.88;NO;18
0736372544179;233.54;NO;10
6942189211324;43.05;NO;200
6942189530227;65.01;NO;24
6942189530234;74.82;NO;8
8906069872461;128.29;NO;115
6942189530258;31.24;NO;186
8904030802042;46.97;NO;141
730170649326;66.83;NO;76
6942189304149;7.26;NO;755
0730170649111;77.72;NO;1
730170649104;136.93;NO;11
730170649418;18.16;NO;110
730170649449;38.5;NO;71
730170649159;30.15;NO;38
730170649180;29.57;NO;30
730170649197;25.06;NO;8
730170649203;23.92;NO;30
TAMSULKMPLUS;18.52;NO;30
7703038050193;406.06;NO;38
7750215001868;286.56;NO;2
7590027000990;192.51;NO;1596
7590027002857;140.0;NO;1095
7590027001010;105.71;NO;122
7596793000981;196.49;NO;6
7596793001025;200.12;NO;8
7596793000295;794.68;NO;4
7596793001803;794.68;NO;2
7590027000600;85.92;NO;31
7596793001827;892.38;NO;7
7596793001841;794.68;NO;5
0117596793002265;794.68;NO;5
7596793001865;893.11;NO;5
7596793001889;893.11;NO;4
7596793001919;893.11;NO;4
0117596793002272;909.45;NO;2
7596793001186;795.77;NO;22
7598252000624;305.09;NO;44
7597467000528;36.32;NO;1
7596793002152;389.5;NO;6
7596793002138;354.75;NO;5
7596793002855;133.66;NO;264
7597830002906;142.78;NO;10
7598252000877;404.24;NO;3
7598252001041;95.88;NO;9
7598252000730;216.83;NO;28
7598252101345;154.72;NO;32
7598252000280;102.06;NO;12
7598252000181;47.58;NO;5
7598252000617;477.24;NO;6
7598252101390;115.13;NO;36
7598252101727;95.52;NO;12
7598252101703;305.45;NO;22
7598852001489;290.2;NO;6
7598852001526;124.58;NO;7
7598852000932;199.76;NO;4
7598852000918;181.24;NO;6
7707019420708;415.14;NO;31
7707232095769;467.08;NO;4
7796285283469;319.98;NO;4
7791848257024;337.41;NO;3
7707236129217;554.24;NO;7
7707236124786;388.26;NO;40
7800061025102;32.32;NO;59
7800061180108;22.88;NO;286
7592616576619;92.11;NO;328
7592616110011;90.57;NO;69
7592616383019;161.33;NO;17
7598176000533;252.79;NO;4
7598176000847;606.91;NO;2
8906005117656;54.48;NO;7
8906005118387;45.4;NO;62
8906005118257;51.21;NO;42
8906005118271;31.6;NO;20
8906005117632;45.04;NO;17
8906082150669;20.7;NO;50
7598650000400;192.13;NO;14
8906112611474;94.8;NO;5
6971077610406;8.72;NO;37
06971077610406;8.72;NO;46
6971077612349;41.04;NO;138
6971077610147;305.45;NO;22
8906112611405;6.54;NO;18
8906112610507;13.44;NO;251
18904030979918;61.38;NO;15
7750215022184;559.96;NO;67
7750215029374;368.28;NO;12
8904187881303;192.13;NO;54
8904250520665;205.21;NO;1
7707288825242;141.28;NO;76
7703153039745;220.46;NO;262
8903489001761;54.48;NO;44
7599112000143;189.23;NO;44
7599112000204;189.23;NO;27
7599112000013;112.96;NO;49
8906104081322;333.78;NO;4
8903489000177;70.46;NO;44
8906104081056;109.32;NO;35
8903489000276;66.47;NO;59
7599112000099;175.43;NO;9
7599112000105;157.63;NO;8
8904179732828;33.78;NO;46
731946648512;26.51;NO;616
8904178921858;144.55;NO;42
7770108122180;116.22;NO;21
7707236120641;35.23;NO;4
7597767000822;278.03;NO;17
781100195710;397.39;NO;18
788070698654;414.67;NO;25
7595368004218;319.85;NO;8
7595368004225;536.05;NO;23
724373531069;230.43;NO;16
724373531083;355.96;NO;20
781100195734;292.5;NO;44
8906130230862;427.49;NO;20
8906130231043;419.13;NO;5
8906130230336;517.2;NO;4
8906130231203;235.72;NO;28
8906130231197;344.68;NO;17
8906130230145;898.92;NO;36
8906130231289;274.94;NO;18
8906130230435;484.15;NO;3
7593090002281;128.93;NO;4
7593090000157;46.0;NO;2
7593090001680;294.61;NO;17
730170649265;45.23;NO;134
6942189530173;30.15;NO;17
7707210530169;140.2;NO;12
7730969301421;316.35;NO;74
7709990220704;4872.69;NO;1
7598455000452;99.15;NO;2
7598455000476;41.4;NO;58
7598455000513;227.36;NO;6
7596526001377;165.98;NO;26
7707184161086;211.75;NO;60
7750215332641;289.97;NO;12
7590027002734;242.37;NO;242
7590027002864;182.0;NO;1410
7598650000677;217.92;NO;34
7598252001010;95.52;NO;18
7598252000822;43.22;NO;8
7598252000815;43.22;NO;40
7598252001140;167.07;NO;9
7598252000969;200.21;NO;3
8906005117663;13.44;NO;48
7592368000196;49.03;NO;18
7592368000417;41.4;NO;47
7592368000592;55.93;NO;86
7592368000325;38.14;NO;25
7592368003326;67.56;NO;82
7592368000479;57.75;NO;195
7592368001049;55.57;NO;30
7592368000776;48.31;NO;36
7592368000950;52.28;NO;37
7592368001889;39.59;NO;63
7592368001070;35.96;NO;45
7592368001919;39.59;NO;111
7592368003128;229.91;NO;24
7592368003456;138.38;NO;28
7598852001113;272.76;NO;15
6970325652700;570.59;NO;46
8906130230824;599.28;NO;9
7706569000194;104.24;NO;14
7598252101406;684.63;NO;18
18907010006673;2422.54;NO;1
7795355999040;977.73;NO;1
0127596793002248;253.88;NO;61
3582910009900;794.68;NO;332
7707172681060;233.54;NO;58
7707172681107;233.54;NO;77
7592349832235;68.25;NO;73
7592349723762;385.88;NO;6
7592349723717;39.38;NO;33
7592349722758;105.0;NO;2
7591651722401;121.8;NO;15
7596793002558;233.54;NO;10
7596793002565;232.81;NO;5
810028130920;285.48;NO;2
7596793001223;309.08;NO;22
7596793000370;43.52;NO;54
7703038313038;169.25;NO;13
7703038050285;711.87;NO;8
7703038050391;583.66;NO;24
7703038328797;299.64;NO;3
7703038050421;714.41;NO;30
7750215005675;84.99;NO;3
7501303010701;337.41;NO;337
7598852000987;290.2;NO;26
7707236126483;122.04;NO;28
7596793001179;797.95;NO;3
736372544339;2801.72;NO;5
7596793002633;516.11;NO;3
7590027002208;93.97;NO;347
6921875010854;232.81;NO;25
6942189304262;31.96;NO;399
7706142503142;132.2;NO;4
7596347794793;241.16;NO;68
8906156850273;160.9;NO;75
8906112610415;213.2;NO;26
7596526000585;165.98;NO;75
TERMOMETRO;48.31;NO;304
7896714200699;129.66;NO;100
7704412265028;139.47;NO;66
7702896002320;77.72;NO;485
7590027001089;208.99;NO;93
7590027002321;123.46;NO;370
7590027002123;127.73;NO;64
7590027000730;82.09;NO;104
7590027000617;89.28;NO;122
7596793001261;285.11;NO;1
7596793002657;290.92;NO;6
7596793001254;290.92;NO;1
7596793002664;356.3;NO;5
7894164009657;55.57;NO;104
7592616576916;305.73;NO;142
7703038006640;570.59;NO;46
7703038010050;144.92;NO;4
7598008000212;483.42;NO;5
7598008001974;38.86;NO;22
7598008001820;81.36;NO;57
7598008000526;14.53;NO;100
18904187884240;204.12;NO;20
18904187829326;155.09;NO;19
8904210806228;57.02;NO;683
8904187879188;122.39;NO;36
7596526000523;77.96;NO;45
8904187880207;29.91;NO;20
7707210530053;467.08;NO;35
7595747000077;125.67;NO;5
7596793000202;284.75;NO;7
7596793000196;259.32;NO;1
7596793000219;284.75;NO;1
KITCAMACOMPLET;171.07;NO;45
7596793002176;543.35;NO;4
7596793002213;197.22;NO;2
7703712035485;109.76;NO;298
7706659501709;63.2;NO;72
75916565;86.8;NO;372
196852644438;204.84;NO;20
730170649494;143.46;NO;13
6921875010793;93.49;NO;40
730170649272;23.92;NO;124
730170649081;92.98;NO;171
730170648923;21.31;NO;60
6921875011400;388.62;NO;11
8908010870274;590.56;NO;6
6942189304286;63.05;NO;30
6942189304125;16.96;NO;63
730170649227;16.09;NO;178
6942189304248;25.42;NO;32
730170649210;347.58;NO;11
6921875008530;15.62;NO;58
730170649135;50.01;NO;21
730170649043;30.15;NO;26
6921875010120;70.46;NO;13
6921875012650;135.47;NO;33
6035834982103;108.96;NO;16
6921875011134;42.61;NO;66
6942189304323;57.4;NO;61
6921875011141;34.36;NO;53
6921875010915;90.45;NO;10
6942189530203;73.73;NO;90
6921875005362;10.53;NO;1236
MONTELUKAKMPLUS;61.38;NO;41
730170649470;39.23;NO;14
6942189211478;15.23;NO;46
8906069872539;28.27;NO;36
8906069872560;39.13;NO;250
6921875011899;46.13;NO;40
6037096019856;45.67;NO;31
6942189304194;28.27;NO;40
6942189304101;27.6;NO;1
6942189304187;13.44;NO;30
6921875011417;152.54;NO;9
5949056500544;2568.91;NO;4
6921875006727;207.02;NO;35
7750215001806;111.97;NO;20
8906159250162;622.16;NO;12
305734758501;670.83;NO;10
305734756521;670.83;NO;14
305734463917;708.24;NO;4
7598455000520;63.2;NO;89
7703038066637;1401.95;NO;23
7707236121884;106.78;NO;54
652931975683;20.7;NO;296
7590027002444;94.85;NO;22
7591243807585;233.5;NO;20
7597467000726;598.92;NO;1
7596793000011;181.6;NO;3
7596793000035;233.54;NO;10
7898100244485;157.63;NO;2
8906142160904;29.78;NO;14
7590027002055;77.16;NO;32
7703038050032;492.86;NO;51
7598252001157;249.52;NO;30
7598008002186;67.56;NO;192
7598008001776;57.02;NO;11
7730969300578;456.54;NO;2
7592368003401;94.07;NO;6
7750215028315;301.09;NO;10
METRONCOLMED;322.88;NO;10
7598008002360;83.17;NO;72
7598008002278;77.72;NO;60
7703038050322;978.1;NO;11
7703038061045;57.39;NO;166
7593090001512;262.97;NO;12
730170649456;58.71;NO;40
730170649463;112.64;NO;43
730170649098;77.84;NO;23
6942189211379;39.13;NO;600
6942189530210;90.45;NO;29
6942189530289;10.0;NO;150
CLORFEN4MGKMPLUS;22.17;NO;47
6942189304309;72.63;NO;36
7468191034779;208.48;NO;4
6970325652342;197.22;NO;370
MASCGRIS0066;93.34;NO;32
7896523227511;105.33;NO;151
7596793001230;351.21;NO;18
7596793001216;309.81;NO;12
8904324103190;463.81;NO;5
8680199015447;154.36;NO;13
8680199015591;193.22;NO;20
8680199015492;130.03;NO;26
7468999188070;78.45;NO;963
7750215029398;83.9;NO;78
7598157000026;311.26;NO;50
7707184160232;13.08;NO;200
8906130230497;159.08;NO;20
8906130231104;150.0;NO;5
8906130232170;69.01;NO;61
7703038067597;118.77;NO;12
7703038050155;544.8;NO;78
7598677000131;58.48;NO;14
7598677000353;114.77;NO;18
7598677000292;87.17;NO;5
7709193551063;116.59;NO;47
7598252000532;324.7;NO;11
7598252000525;296.37;NO;4
7591243850598;114.27;NO;19
7592349001921;141.75;NO;20
7598008002346;93.34;NO;44
8904187858787;90.44;NO;137
8908020242528;77.72;NO;28
8908020242290;58.11;NO;59
8908020242221;47.58;NO;205
7590027003069;179.75;NO;33
7590027002406;76.96;NO;84
7598455000667;232.81;NO;11
7598455000469;102.06;NO;68
7598455000681;108.6;NO;51
7598455000674;260.41;NO;14
7598455000445;118.77;NO;54
7592616576886;86.03;NO;29
8451108302725;350.12;NO;16
8904210707174;117.68;NO;26
8904210707433;202.67;NO;51
7598852000895;386.81;NO;12
7598852001687;405.69;NO;10
7598852001571;77.72;NO;8
7598852001700;140.56;NO;15
8904151819295;261.14;NO;20
6921875009889;36.32;NO;23
7592710000928;185.71;NO;4
7800061240109;38.86;NO;89
652931975775;31.6;NO;343
652931975713;17.07;NO;299
652931975751;68.64;NO;54
791466996081;117.31;NO;8
7703038065333;65.01;NO;61
7598252000440;343.22;NO;4
7596793003319;46.85;NO;19
7596793001933;262.59;NO;9
7596793001209;218.28;NO;69
7596793000165;887.3;NO;2
7596793000127;887.3;NO;5
7596793000141;887.3;NO;11
6942189304378;59.2;NO;6
730170649319;59.56;NO;22
6942189211294;25.23;NO;40
6942189530326;49.76;NO;11
6921875011158;15.23;NO;32
6942189304170;18.69;NO;21
6921875009186;83.93;NO;20
6921875006697;83.17;NO;10
7468191032690;253.88;NO;10
7598455000087;83.9;NO;94
7598455000483;83.17;NO;12
8906130230794;259.32;NO;39
8906130230787;1042.75;NO;16
8906130233306;69.73;NO;20
8906130230121;461.26;NO;5
8906130231791;455.45;NO;13
8906130231760;501.94;NO;9
8906130230602;60.29;NO;5
7707019466256;337.41;NO;85
7896112401728;51.94;NO;741
8904324100328;81.36;NO;12
7591616000056;93.34;NO;1
7591616002043;244.33;NO;3
7591616002937;193.5;NO;15
7591616000704;267.75;NO;7
7591616002951;144.5;NO;18
7591616002944;193.38;NO;18
8904250520757;118.04;NO;14
8904250520764;95.16;NO;4
8904250520917;200.12;NO;20
8904250521037;57.02;NO;18
18904187887845;108.96;NO;8
791466996005;241.16;NO;38
7707291701762;306.54;NO;4
7594001101673;40.55;NO;52
7594001100614;106.88;NO;25
7594001101581;66.53;NO;45
7594001101871;87.53;NO;42
7594001101567;116.84;NO;18
7594001101680;74.25;NO;44
7594001101550;110.17;NO;14
7594001101697;90.0;NO;30
7594001100492;46.12;NO;66
7594001101338;34.23;NO;214
7594001101345;50.16;NO;175
7594001100126;58.28;NO;98
7594001101314;42.78;NO;276
7594001101970;43.88;NO;85
7594001101727;120.59;NO;34
7594001100607;119.7;NO;24
7594001100577;97.58;NO;69
7594001101956;48.38;NO;83
7594001101352;71.08;NO;153
7594001101178;89.93;NO;143
7594001101369;105.75;NO;3
7594001101383;32.73;NO;111
7594001101604;26.5;NO;420
7594001101444;67.7;NO;67
7594001101949;82.96;NO;130
7594001101406;25.66;NO;408
7594001101376;43.81;NO;468
7594001100591;64.13;NO;15
7594001101895;171.32;NO;29
7594001100171;92.25;NO;33
7594001100164;144.95;NO;67
7594001100539;43.81;NO;19
7594001101475;61.88;NO;62
7594001101642;41.71;NO;289
7594001101659;56.68;NO;304
7594001101413;23.53;NO;219
7594001101420;43.32;NO;184
7594001100362;102.73;NO;28
7594001101208;54.65;NO;143
652931974198;9.08;NO;196
652931975720;32.32;NO;59
7750215007167;452.04;NO;11
7750215432969;906.91;NO;5
7750215029442;238.26;NO;7
7592368000868;42.86;NO;14
7592368001162;36.68;NO;31
7592368001971;44.31;NO;21
7598455000506;90.44;NO;15
8906130230077;1026.4;NO;5
8906130230251;235.72;NO;14
8906130230206;238.26;NO;46
8906130230442;541.17;NO;14
7703038050278;2075.32;NO;74
7703038065906;1375.08;NAC;75
7743038050384;2226.78;NO;46
7598852000765;129.66;NO;10
7590027000266;87.28;NO;34
7590027002925;242.65;NO;218
7590027002963;97.99;NO;107
791466995985;111.14;NO;14
7707213871948;3381.76;NO;2
7703763780242;249.16;NO;138
7703763750115;248.43;NO;14
7703763750139;248.43;NO;37
7703763750191;248.43;NO;41
7896112198246;49.4;NO;82
7896112126478;92.98;NAC;10
7896523202822;39.95;NO;152
7898158692238;106.42;NO;55
7894164005925;163.44;NO;18
7591062166191;169.51;NO;46
7591062901129;128.94;NO;62
7591062901365;90.5;NO;44
7591062010128;59.94;NO;23
7591062016458;109.04;NO;37
7591062011811;94.15;NO;85
7591062011828;80.8;NO;85
7591062901297;112.83;NO;57
7591062901303;112.83;NO;59
7591062901310;112.83;NO;47
7591062010616;113.79;NO;20
7591062010012;93.09;NO;17
7591062016472;165.41;NO;36
7591062013303;326.76;NO;51
7591062011200;85.26;NO;24
7591062011262;77.26;NO;19
7591062011255;82.34;NO;11
7591062010173;76.74;NO;84
7591062010029;78.68;NO;58
7591062901105;76.7;NO;28
7591062901082;101.21;NO;18
7591062902539;92.9;NO;46
7591062013082;90.71;NO;128
7591062000150;157.63;NO;118
7591062112242;210.55;NO;17
7591062010753;124.14;NO;11
7591062011217;96.35;NO;18
7591062010227;183.09;NO;47
7591062010210;101.35;NO;85
7591062011804;112.84;NO;25
7591062900948;101.38;NO;322
7591062017295;26.75;NO;449
7591062014713;141.73;NO;25
7591062011637;187.65;NO;29
7591062011644;251.04;NO;41
7591062012948;61.49;NO;30
7591062000105;143.48;NO;26
7591062902379;45.38;NO;161
7591062902546;50.61;NO;138
7591062011330;103.69;NO;63
7591062011361;103.04;NO;33
7591062011378;136.88;NO;26
7591062011323;44.11;NO;136
7591062017301;80.81;NO;176
7591062016649;96.66;NO;43
7591062011613;201.49;NO;182
7591062011538;165.56;NO;78
7703712036185;326.88;NO;20
742033994726;46.85;IMP;105
742033994719;46.85;IMP;108
742033994689;46.85;IMP;190
796029455289;467.24;IMP;4
796029455210;436.01;IMP;18
723592772673;716.48;IMP;20
7594001100256;57.53;NO;14
7594001101826;115.06;IMP;42
7594001101734;120.24;NO;65
7594001101123;55.84;NO;192
723592772703;996.9;IMP;5
796029455241;436.01;IMP;21
7592368003272;234.63;NO;24
7592368000073;49.4;NO;15
7592368002121;41.04;NO;10
7592368000837;42.49;NO;10
7770108671046;92.25;NO;5
7703712014541;696.98;NO;21
7703712014473;123.12;NO;122
7703712014466;633.49;NO;26
7703712010895;556.06;NO;16
7703712032019;104.24;NO;119
7590027002703;115.16;NO;198
7591241854703;132.77;NO;4
770728898325;301.09;NO;210
7707288984857;197.22;NO;203
8908020242276;61.02;NO;26
8908020242504;31.6;NO;87
8904210707020;524.39;IMP;9
8904210808222;85.89;IMP;7
8904210707419;378.43;IMP;12
8904210808239;63.92;IMP;23
8904210707129;97.92;NO;14
8904210808109;77.31;IMP;3
7598852000055;18.13;IMP;270
7598455000568;163.44;NO;20
6971077610802;41.4;NO;27
6971077611410;30.37;NO;261
6971077611427;44.15;NO;174
7709618581880;116.95;NO;83
7800061002011;12.35;NO;379
7591616002036;74.82;NO;12
7591616002135;89.7;NO;6
7590027003045;113.32;NO;40
7590027001362;108.29;NO;288
7598484001017;55.25;NO;30
7598484001222;61.88;NO;28
7598484001239;105.75;NO;51
7598484000829;73.75;NO;67
7598484000218;56.25;NO;221
75919511;105.3;NO;13
7598484000232;47.25;NO;126
7598484001055;42.75;NO;76
7598484000867;96.13;NO;146
7598484000881;88.13;NO;161
7598484001147;33.19;NO;38
7593255000336;107.96;NO;10
7591062016700;51.35;NO;16
7592368000684;39.59;NO;12
7592368000714;39.59;NO;12
7592368002930;81.09;NO;6
7592616100012;72.9;NO;5
7592616584140;130.28;NO;1
7598008000595;29.06;NAC;51
7598008000144;120.22;NO;70
7598008000229;17.07;NO;121
8906069872577;30.01;NO;60
7598455000537;65.87;IMP;47
7598455000490;71.12;IMP;12
7598455000063;122.92;IMP;7
8904210808116;77.31;NO;9
AMOX+ACDCLAV3047;340.32;NAC;30
DICLOFPOT100MGVDSANA;357.03;NO;121
DICLOFPOT50MGVIDASAN;51.94;NO;15
IBUPROF600MGVIDASANA;249.16;NO;50
OMEPRA20MGVIDASANA;150.36;NO;32
7598852001656;144.92;NO;4
7598852001663;100.61;NO;4
7598852001045;317.44;NO;8
1121508537;193.59;NAC;149
1018453494;140.95;NAC;12
0323533709;193.59;NAC;165
LEVOARTEMEDI2X1;42.49;NO;68
DICLO+ACETART2X1;21.79;NO;128
TAMSUARTEMED2X1;28.69;NO;38
7707859208436;701.34;NO;85
8906159252005;71.19;NO;54
7592368003449;140.2;NAC;22
7592432010212;228.64;NAC;1
7592432900032;156.49;NAC;3
7592432000299;73.13;NAC;22
7707236125745;486.69;NO;6
7800061000703;33.78;NO;90
7800061002158;30.51;NO;94
652931970367;19.61;NO;568
7594001101543;124.13;NAC;25
7468999192305;9.81;NO;1870
7598008002322;71.91;NO;43
7598008000724;28.33;NO;50
7598008002001;14.53;NO;38
7592349001907;191.63;NAC;61
7592349723588;118.65;NO;14
7896523216812;43.95;NO;7
7750215002698;941.41;NO;3
7703763992355;140.2;NO;468
8906005117700;45.4;NO;39
7594001101451;162.79;NAC;25
7594001100416;130.7;NAC;74
7598484001154;32.63;NAC;30
305736554712;635.6;NO;27
305736554767;635.6;NO;24
7592349001815;89.35;NO;30
8904151808749;223.0;NO;10
7791848245007;197.22;NO;16
7796285051501;264.77;NO;35
7596793001643;196.49;NO;5
7590027002826;128.63;NO;148
7590027003014;61.11;NO;117
736372544223;827.18;NO;39
8699525282507;244.45;NO;58
6971077611199;1632.52;NO;4
0736372544346;672.27;NO;2
736372544391;258.68;NO;9
8904187804432;30.38;NO;50
8904187876422;18.59;NO;43
7596347807158;37.77;NO;30
7703038070443;507.03;NO;3
7591062011965;48.6;NO;47
7591062018650;72.75;NO;47
7591062010036;30.77;NO;46
7594002082124;15.03;NO;192
8904210706372;126.51;IMP;16
7598852001694;120.93;IMP;14
7598176000229;128.52;IMP;7
7598677000278;192.77;IMP;12
7598677000520;128.52;IMP;10
7703038065630;50.48;NO;28
7703038060970;56.66;NO;63
7703445030016;516.11;NO;1
7703153000639;267.32;NO;19
7703712035904;478.33;NO;56
8906081308849;158.96;IMP;7
8906082151567;61.06;IMP;54
8906005118332;155.64;IMP;12
8906005118318;378.59;IMP;12
8906082150966;26.68;IMP;184
8908020242191;47.4;IMP;60
7598455000056;122.25;IMP;10
7598252101482;26.88;NO;103
7598252001911;44.67;NO;28
7598252101154;35.96;NO;40
7598252000693;118.77;NO;42
7598252101772;85.72;NO;10
7707236128623;293.93;IMP;10
7598650000424;72.53;IMP;45
7598650000219;96.72;IMP;28
7598650000530;44.01;IMP;88
7592616135571;139.68;NAC;44
7750215011867;66.81;IMP;30
7750215011379;278.2;IMP;3
730170648985;28.27;IMP;30
7703712033252;74.76;IMP;96
7703712036239;659.03;IMP;26
7703712035492;483.87;IMP;24
ACETMSPEF2X1;124.97;NO;32
ACE+CLORSPEF2X1;138.95;NO;32
LORASPEF2X1;109.27;NO;48
7590027002147;118.15;NO;320
7591243801965;380.0;NO;24
7591243830057;104.27;NO;144
7591243830088;252.1;NO;24
